PARAMS,THASH,RESULT
128s,simple,0.810319
128s,robust,1.589186
128f,simple,0.043797
128f,robust,0.077473
192s,simple,1.489741
192s,robust,2.931169
192f,simple,0.076107
192f,robust,0.137756
256s,simple,1.366156
256s,robust,3.491518
256f,simple,0.176133
256f,robust,0.393686
