PARAMS,THASH,RESULT
128s,simple,0.867781
128s,robust,1.620525
128f,simple,0.049967
128f,robust,0.088239
192s,simple,1.487983
192s,robust,2.844347
192f,simple,0.095814
192f,robust,0.157574
256s,simple,1.312001
256s,robust,3.535454
256f,simple,0.157673
256f,robust,0.382419
